timestamp,offset_m,curvature_m,confidence,steering_cmd,throttle_cmd,left_pixels,right_pixels
1775622534.421,0.0026,142.86,1.00,0.0000,0.000,18202,10247
1775622534.457,0.0028,186.84,1.00,0.0000,0.000,18074,9235
1775622534.496,-0.0244,155.90,1.00,0.0000,0.000,18280,12330
1775622534.542,-0.0055,62.43,1.00,0.0000,0.000,18709,9618
1775622534.578,0.0002,162.03,1.00,0.0000,0.000,17997,9842
1775622534.623,0.0021,114.33,1.00,0.0000,0.000,18015,9821
1775622534.658,0.0024,67.71,1.00,0.0000,0.000,18123,10005
1775622534.697,0.0024,348.52,1.00,0.0000,0.000,17886,9865
1775622534.738,0.0022,57.63,1.00,0.0000,0.000,18296,9729
1775622534.776,0.0025,78.94,1.00,0.0000,0.000,18160,9581
1775622534.811,0.0026,62.63,1.00,0.0000,0.000,18509,10292
1775622534.846,0.0026,49.85,1.00,0.0000,0.000,18515,9478
1775622534.883,0.0020,46.17,1.00,0.0000,0.000,18082,9488
1775622534.919,-0.0252,95.99,1.00,0.0000,0.000,18200,12166
1775622534.954,-0.0055,177.53,1.00,0.0000,0.000,17855,10266
1775622534.989,0.0009,83.11,1.00,0.0000,0.000,17698,10434
1775622535.023,0.0027,58.68,1.00,0.0000,0.000,17763,9511
1775622535.058,0.0030,124.36,1.00,0.0000,0.000,17889,10306
1775622535.093,0.0021,264.31,1.00,0.0000,0.000,17941,9817
1775622535.129,0.0024,80.66,1.00,0.0000,0.000,17842,9842
1775622535.171,0.0026,304.68,1.00,0.0000,0.000,18129,9996
1775622535.208,0.0024,70.59,1.00,0.0000,0.000,18441,9828
1775622535.246,0.0024,45.45,1.00,0.0000,0.000,18249,9504
1775622535.281,0.0027,80.11,1.00,0.0000,0.000,18648,10040
1775622535.317,0.0028,352.61,1.00,0.0000,0.000,18061,10231
1775622535.353,0.0025,43.01,1.00,0.0000,0.000,18374,10136
1775622535.392,0.0027,69.97,1.00,0.0000,0.000,18207,10036
1775622535.430,0.0021,601.49,1.00,0.0000,0.000,17918,9189
1775622535.469,0.0020,111.60,1.00,0.0000,0.000,18142,9680
1775622535.504,0.0020,232.85,1.00,0.0000,0.000,18120,9749
1775622535.539,0.0024,57.07,1.00,0.0000,0.000,18290,9697
1775622535.579,0.0025,119.55,1.00,0.0000,0.000,17913,9983
1775622535.614,0.0021,60.06,1.00,0.0000,0.000,18371,9557
1775622535.650,0.0029,1252.51,1.00,0.0000,0.000,18094,10209
1775622535.685,0.0030,419.60,1.00,0.0000,0.000,18036,10077
1775622535.719,0.0031,141.44,1.00,0.0000,0.000,18110,10224
1775622535.758,0.0029,75.16,1.00,0.0000,0.000,18212,10092
1775622535.798,0.0024,85.12,1.00,0.0000,0.000,18091,9546
1775622535.844,0.0026,116.56,1.00,0.0000,0.000,17990,10026
1775622535.879,0.0028,41.22,1.00,0.0000,0.000,17584,10009
1775622535.916,0.0026,434.79,1.00,0.0000,0.000,17998,9310
1775622535.952,0.0026,145.68,1.00,0.0000,0.000,18037,10433
1775622535.988,0.0029,355.76,1.00,0.0000,0.000,18091,10084
1775622536.023,0.0027,95.01,1.00,0.0000,0.000,17855,10193
1775622536.065,0.0024,90.82,1.00,0.0000,0.000,18308,9746
1775622536.101,0.0025,109.52,1.00,0.0000,0.000,18056,10285
1775622536.137,0.0029,94.95,1.00,0.0000,0.000,18329,9889
1775622536.172,0.0030,82.84,1.00,0.0000,0.000,17924,9972
1775622536.210,0.0030,47.04,1.00,0.0000,0.000,17879,9721
1775622536.246,0.0025,119.10,1.00,0.0000,0.000,18161,9550
1775622536.287,0.0022,58.72,1.00,0.0000,0.000,18152,9191
1775622536.322,0.0026,114.13,1.00,0.0000,0.000,18087,9756
1775622536.362,0.0026,291.83,1.00,0.0000,0.000,18113,10121
1775622536.399,0.0024,717.22,1.00,0.0000,0.000,18157,9322
1775622536.438,0.0024,141.55,1.00,0.0000,0.000,18204,8954
1775622536.475,0.0029,82.46,1.00,0.0000,0.000,18041,10387
1775622536.510,0.0023,52.33,1.00,0.0000,0.000,18299,10165
1775622536.546,0.0020,261.46,1.00,0.0000,0.000,18006,9598
1775622536.581,0.0022,100.14,1.00,0.0000,0.000,18152,9958
1775622536.618,0.0020,65.40,1.00,0.0000,0.000,18119,9591
1775622536.656,0.0022,108.99,1.00,0.0000,0.000,17889,9511
1775622536.692,0.0024,80.05,1.00,0.0000,0.000,18066,9774
1775622536.727,0.0022,63.56,1.00,0.0000,0.000,17960,10133
1775622536.761,0.0023,63.77,1.00,0.0000,0.000,18085,9802
1775622536.797,0.0022,49.99,1.00,0.0000,0.000,18093,10308
1775622536.833,0.0020,38.69,1.00,0.0000,0.000,18019,10274
1775622536.869,0.0022,47.73,1.00,0.0000,0.000,17895,9797
1775622536.906,0.0021,34.78,1.00,0.0000,0.000,18143,9741
1775622536.944,0.0021,34.79,1.00,0.0000,0.000,18099,10141
1775622536.979,0.0024,47.90,1.00,0.0000,0.000,18103,10006
1775622537.014,0.0025,42.11,1.00,0.0000,0.000,18262,9913
1775622537.050,0.0025,318.38,1.00,0.0000,0.000,18084,9296
1775622537.087,0.0025,114.84,1.00,0.0000,0.000,17629,9925
1775622537.125,0.0027,193.43,1.00,0.0000,0.000,17843,10230
1775622537.160,0.0023,154.82,1.00,0.0000,0.000,17924,9314
1775622537.196,0.0026,84.23,1.00,0.0000,0.000,18098,9453
1775622537.232,0.0023,75.96,1.00,0.0000,0.000,17927,10029
1775622537.267,0.0023,39.78,1.00,0.0000,0.000,18178,9983
1775622537.306,0.0024,42.82,1.00,0.0000,0.000,18104,10027
1775622537.343,0.0023,33.02,1.00,0.0000,0.000,17937,9951
1775622537.386,0.0022,71.07,1.00,0.0000,0.000,17716,9305
1775622537.422,0.0026,112.06,1.00,0.0000,0.000,18030,10136
1775622537.456,0.0022,43.16,1.00,0.0000,0.000,18047,9677
1775622537.493,0.0025,86.49,1.00,0.0000,0.000,17763,10187
1775622537.528,0.0021,55.10,1.00,0.0000,0.000,17841,9495
1775622537.565,0.0027,76.52,1.00,0.0000,0.000,17796,10216
1775622537.602,0.0025,30.16,1.00,0.0000,0.000,18204,10453
1775622537.641,0.0027,60.89,1.00,0.0000,0.000,17944,10199
1775622537.679,0.0026,66.64,1.00,0.0000,0.000,17888,10286
1775622537.715,0.0028,77.88,1.00,0.0000,0.000,17897,10234
1775622537.753,0.0025,44.84,1.00,0.0000,0.000,18199,9814
1775622537.790,0.0027,807.56,1.00,0.0000,0.000,17804,9652
1775622537.824,0.0023,274.11,1.00,0.0000,0.000,18289,10247
1775622537.859,0.0028,34.24,1.00,0.0000,0.000,17531,9975
1775622537.894,0.0028,66.53,1.00,0.0000,0.000,17845,9717
1775622537.930,0.0026,46.55,1.00,0.0000,0.000,18299,9842
1775622537.963,0.0024,37.06,1.00,0.0000,0.000,18177,9161
1775622538.001,0.0028,40.52,1.00,0.0000,0.000,17985,9983
1775622538.037,0.0023,32.16,1.00,0.0000,0.000,17963,10064
1775622538.074,0.0021,23.93,1.00,0.0000,0.000,18071,10181
1775622538.108,0.0021,26.92,1.00,0.0000,0.000,17880,9540
1775622538.144,0.0023,33.19,1.00,0.0000,0.000,17950,9531
1775622538.179,0.0024,94.48,1.00,0.0000,0.000,17869,9465
1775622538.217,0.0020,43.07,1.00,0.0000,0.000,18107,9294
1775622538.262,0.0022,44.16,1.00,0.0000,0.000,17978,9377
1775622538.299,0.0027,321.61,1.00,0.0000,0.000,17672,10312
1775622538.335,0.0026,74.86,1.00,0.0000,0.000,17588,10021
1775622538.372,0.0023,41.48,1.00,0.0000,0.000,18056,9840
1775622538.407,0.0023,27.13,1.00,0.0000,0.000,18447,9951
1775622538.444,0.0023,30.19,1.00,0.0000,0.000,18129,9324
1775622538.480,0.0024,24.76,1.00,0.0000,0.000,18285,9892
1775622538.516,0.0023,31.11,1.00,0.0000,0.000,18189,9694
1775622538.552,0.0022,53.63,1.00,0.0000,0.000,18227,9866
1775622538.590,0.0021,32.20,1.00,0.0000,0.000,18066,9476
1775622538.625,0.0022,29.70,1.00,0.0000,0.000,18182,10040
1775622538.662,0.0020,32.98,1.00,0.0000,0.000,18010,9863
1775622538.702,0.0019,26.84,1.00,0.0000,0.000,18067,9588
1775622538.736,0.0020,26.54,1.00,0.0000,0.000,18554,10136
1775622538.771,0.0020,32.61,1.00,0.0000,0.000,18158,9247
1775622538.805,0.0018,29.58,1.00,0.0000,0.000,18173,9961
1775622538.840,0.0023,54.07,1.00,0.0000,0.000,18014,9927
1775622538.877,0.0022,28.50,1.00,0.0000,0.000,18350,10044
1775622538.923,0.0023,26.75,1.00,0.0000,0.000,18307,9652
1775622538.957,0.0025,48.58,1.00,0.0000,0.000,18311,9647
1775622538.993,0.0028,80.21,1.00,0.0000,0.000,17981,10166
1775622539.030,0.0027,66.99,1.00,0.0000,0.000,17988,9898
1775622539.068,0.0022,41.03,1.00,0.0000,0.000,18221,9836
1775622539.106,0.0022,30.77,1.00,0.0000,0.000,18308,10265
1775622539.144,0.0024,39.84,1.00,0.0000,0.000,18266,10392
1775622539.180,0.0022,160.71,1.00,0.0000,0.000,18041,9979
1775622539.215,0.0030,177.19,1.00,0.0000,0.000,18191,9610
1775622539.252,0.0031,245.08,1.00,0.0000,0.000,18177,10138
1775622539.289,0.0025,200.85,1.00,0.0000,0.000,18111,9837
1775622539.327,0.0022,359.40,1.00,0.0000,0.000,18123,10019
1775622539.362,0.0025,61.55,1.00,0.0000,0.000,18257,9314
1775622539.396,0.0029,2023.54,1.00,0.0000,0.000,18250,9507
1775622539.433,0.0031,1225.94,1.00,0.0000,0.000,18202,10071
1775622539.469,0.0029,157.75,1.00,0.0000,0.000,18196,10003
1775622539.504,0.0024,1488.68,1.00,0.0000,0.000,17951,9783
1775622539.541,0.0027,51.21,1.00,0.0000,0.000,17928,10173
1775622539.583,0.0023,532.39,1.00,0.0000,0.000,17968,9425
1775622539.619,0.0026,124.69,1.00,0.0000,0.000,18077,9783
1775622539.656,0.0026,106.14,1.00,0.0000,0.000,18157,9938
1775622539.691,0.0023,43.14,1.00,0.0000,0.000,18212,10266
1775622539.726,0.0026,60.08,1.00,0.0000,0.000,18109,10123
1775622539.762,0.0029,194.41,1.00,0.0000,0.000,18169,10142
1775622539.802,0.0026,62.52,1.00,0.0000,0.000,18385,10231
1775622539.836,0.0025,149.68,1.00,0.0000,0.000,18436,9951
1775622539.873,0.0028,90.45,1.00,0.0000,0.000,18081,9668
1775622539.907,0.0026,128.04,1.00,0.0000,0.000,18079,9728
1775622539.943,0.0024,66.03,1.00,0.0000,0.000,18234,9455
1775622539.980,0.0020,42.05,1.00,0.0000,0.000,18058,9714
1775622540.022,0.0021,126.92,1.00,0.0000,0.000,18151,8994
1775622540.057,0.0025,230.11,1.00,0.0000,0.000,18188,9433
1775622540.093,0.0028,719.26,1.00,0.0000,0.000,18188,9556
1775622540.129,0.0028,512.67,1.00,0.0000,0.000,18292,9698
1775622540.166,0.0028,112.35,1.00,0.0000,0.000,17940,9713
1775622540.206,0.0024,88.09,1.00,0.0000,0.000,18079,9827
1775622540.245,0.0022,113.83,1.00,0.0000,0.000,17824,9833
1775622540.283,0.0023,43.72,1.00,0.0000,0.000,18194,9880
1775622540.321,0.0024,41.77,1.00,0.0000,0.000,17922,10095
1775622540.360,0.0022,29.02,1.00,0.0000,0.000,18138,10288
1775622540.406,0.0026,37.72,1.00,0.0000,0.000,18128,10305
1775622540.442,0.0027,45.44,1.00,0.0000,0.000,18129,10054
1775622540.480,0.0026,43.19,1.00,0.0000,0.000,18154,9861
1775622540.516,0.0024,33.59,1.00,0.0000,0.000,18229,9273
1775622540.554,0.0028,167.78,1.00,0.0000,0.000,17981,10038
1775622540.589,0.0026,209.94,1.00,0.0000,0.000,17994,10276
1775622540.632,0.0028,10375.97,1.00,0.0000,0.000,18172,10226
1775622540.667,0.0023,41.79,1.00,0.0000,0.000,18299,9186
1775622540.703,0.0020,26.56,1.00,0.0000,0.000,17957,9798
1775622540.738,0.0024,26.89,1.00,0.0000,0.000,18095,10047
1775622540.773,0.0024,36.94,1.00,0.0000,0.000,18183,9718
1775622540.808,0.0028,52.55,1.00,0.0000,0.000,18112,10027
1775622540.850,0.0028,41.70,1.00,0.0000,0.000,18351,10197
1775622540.886,0.0026,49.61,1.00,0.0000,0.000,18166,9875
1775622540.921,0.0023,29.12,1.00,0.0000,0.000,18438,10053
1775622540.958,0.0027,59.16,1.00,0.0000,0.000,18295,9803
1775622540.993,0.0025,60.69,1.00,0.0000,0.000,18109,10070
1775622541.027,0.0026,180.31,1.00,0.0000,0.000,18124,9904
1775622541.062,0.0031,82.04,1.00,0.0000,0.000,17940,9556
1775622541.097,0.0030,69.21,1.00,0.0000,0.000,17755,9921
1775622541.134,0.0028,54.14,1.00,0.0000,0.000,18331,9909
1775622541.171,0.0026,41.48,1.00,0.0000,0.000,18117,9441
1775622541.206,0.0020,37.59,1.00,0.0000,0.000,17791,9781
1775622541.242,0.0025,73.94,1.00,0.0000,0.000,17912,9693
1775622541.290,0.0028,3366.47,1.00,0.0000,0.000,17743,9926
1775622541.324,0.0024,344.68,1.00,0.0000,0.000,17782,9852
1775622541.359,0.0027,1140.69,1.00,0.0000,0.000,17852,9243
1775622541.394,0.0028,845.56,1.00,0.0000,0.000,17666,10199
1775622541.429,0.0028,52.26,1.00,0.0000,0.000,17847,9629
1775622541.464,0.0026,243.41,1.00,0.0000,0.000,18076,10019
1775622541.502,0.0026,256.03,1.00,0.0000,0.000,17860,9396
1775622541.544,0.0023,63.74,1.00,0.0000,0.000,17962,9666
1775622541.579,0.0027,90.34,1.00,0.0000,0.000,17863,10259
1775622541.616,0.0025,95.02,1.00,0.0000,0.000,17787,10001
1775622541.653,0.0027,592.88,1.00,0.0000,0.000,17623,10153
1775622541.689,0.0019,45.23,1.00,0.0000,0.000,18143,9745
1775622541.732,0.0027,457.04,1.00,0.0000,0.000,17680,10109
1775622541.766,0.0024,98.22,1.00,0.0000,0.000,18069,10001
1775622541.801,0.0023,99.43,1.00,0.0000,0.000,17991,9756
1775622541.836,0.0028,63.56,1.00,0.0000,0.000,17830,9855
1775622541.872,0.0026,983.59,1.00,0.0000,0.000,17833,10260
1775622541.909,0.0026,193.87,1.00,0.0000,0.000,18068,9686
1775622541.946,0.0024,108.99,1.00,0.0000,0.000,17926,10044
1775622541.982,0.0021,218.97,1.00,0.0000,0.000,17929,9545
1775622542.017,0.0024,107.76,1.00,0.0000,0.000,17992,8947
1775622542.053,0.0023,38.93,1.00,0.0000,0.000,18294,10363
1775622542.089,0.0023,70.86,1.00,0.0000,0.000,17842,9387
1775622542.126,0.0023,62.97,1.00,0.0000,0.000,17780,9654
1775622542.166,0.0027,94.60,1.00,0.0000,0.000,17731,10049
1775622542.205,0.0025,136.88,1.00,0.0000,0.000,17631,9451
1775622542.244,0.0020,125.27,1.00,0.0000,0.000,18228,9626
1775622542.279,0.0022,142.82,1.00,0.0000,0.000,17851,8905
1775622542.316,0.0020,70.84,1.00,0.0000,0.000,17795,9439
1775622542.351,0.0016,57.47,1.00,0.0000,0.000,17736,9318
1775622542.389,0.0019,237.01,1.00,0.0000,0.000,17776,10285
1775622542.426,0.0026,64.15,1.00,0.0000,0.000,17933,9633
1775622542.461,0.0022,174.37,1.00,0.0000,0.000,17957,9511
1775622542.497,0.0023,80.46,1.00,0.0000,0.000,17928,10346
1775622542.532,0.0029,163.21,1.00,0.0000,0.000,17772,10068
1775622542.568,0.0028,172.08,1.00,0.0000,0.000,17873,10218
1775622542.603,0.0027,3229.64,1.00,0.0000,0.000,17901,9978
1775622542.639,0.0018,85.20,1.00,0.0000,0.000,17840,10017
1775622542.680,0.0025,517.13,1.00,0.0000,0.000,17883,10241
1775622542.716,0.0024,157.20,1.00,0.0000,0.000,17707,9755
1775622542.754,0.0022,147.80,1.00,0.0000,0.000,17871,10134
1775622542.789,0.0024,155.21,1.00,0.0000,0.000,17723,10417
1775622542.824,0.0024,293.00,1.00,0.0000,0.000,17820,9529
1775622542.859,0.0026,185.06,1.00,0.0000,0.000,17996,9813
1775622542.894,0.0029,59.22,1.00,0.0000,0.000,17898,9880
1775622542.932,0.0028,54.50,1.00,0.0000,0.000,17812,10351
1775622542.966,0.0025,116.29,1.00,0.0000,0.000,17887,10097
1775622543.003,0.0032,103.87,1.00,0.0000,0.000,17807,10288
1775622543.041,0.0029,156.98,1.00,0.0000,0.000,17968,9994
1775622543.076,0.0030,129.38,1.00,0.0000,0.000,17816,9612
1775622543.111,0.0027,259.65,1.00,0.0000,0.000,17828,10128
1775622543.146,0.0025,100.07,1.00,0.0000,0.000,17744,9954
1775622543.180,0.0024,4353.81,1.00,0.0000,0.000,18135,9899
1775622543.215,0.0020,282.05,1.00,0.0000,0.000,17841,9716
1775622543.250,0.0025,117.85,1.00,0.0000,0.000,17846,10109
1775622543.290,0.0022,236.97,1.00,0.0000,0.000,17877,9866
1775622543.326,0.0026,4865.89,1.00,0.0000,0.000,17839,9818
1775622543.361,0.0023,528.16,1.00,0.0000,0.000,17738,9525
1775622543.396,0.0025,415.87,1.00,0.0000,0.000,17989,9549
1775622543.431,0.0024,118.44,1.00,0.0000,0.000,17794,9907
1775622543.465,-0.0244,97.60,1.00,0.0000,0.000,17789,12342
1775622543.514,-0.0057,80.35,1.00,0.0000,0.000,17831,10125
1775622543.550,-0.0003,142.75,1.00,0.0000,0.000,17841,9422
1775622543.584,0.0018,1443.69,1.00,0.0000,0.000,17988,10231
1775622543.620,-0.0245,545.59,1.00,0.0000,0.000,17889,12492
1775622543.657,-0.0054,227.54,1.00,0.0000,0.000,17709,10010
1775622543.693,0.0006,350.93,1.00,0.0000,0.000,17924,10440
1775622543.741,0.0023,151.04,1.00,0.0000,0.000,18112,9970
1775622543.777,0.0024,393.09,1.00,0.0000,0.000,17880,9841
1775622543.813,0.0026,559.54,1.00,0.0000,0.000,17840,10031
1775622543.848,0.0027,70.64,1.00,0.0000,0.000,17765,9700
1775622543.883,0.0026,87.16,1.00,0.0000,0.000,17805,9775
1775622543.922,0.0025,153.25,1.00,0.0000,0.000,17951,10442
1775622543.963,0.0022,110.22,1.00,0.0000,0.000,17964,9590
1775622543.997,0.0026,70.71,1.00,0.0000,0.000,17947,9716
1775622544.033,0.0026,80.78,1.00,0.0000,0.000,17930,9770
1775622544.068,0.0029,85.02,1.00,0.0000,0.000,17923,10459
1775622544.103,0.0025,111.97,1.00,0.0000,0.000,17941,10156
1775622544.140,0.0024,834.43,1.00,0.0000,0.000,17883,9882
1775622544.184,0.0024,738.81,1.00,0.0000,0.000,18289,10000
1775622544.222,0.0021,86.62,1.00,0.0000,0.000,17942,9656
1775622544.257,0.0027,64.82,1.00,0.0000,0.000,17991,9867
1775622544.293,0.0026,49.73,1.00,0.0000,0.000,17848,9997
1775622544.329,0.0024,849.33,1.00,0.0000,0.000,17968,9729
1775622544.373,0.0022,92.56,1.00,0.0000,0.000,17824,9483
1775622544.407,0.0023,97.73,1.00,0.0000,0.000,17712,9772
1775622544.442,0.0023,1816.92,1.00,0.0000,0.000,17773,10193
1775622544.478,0.0024,187.96,1.00,0.0000,0.000,18130,10000
1775622544.512,0.0027,206.08,1.00,0.0000,0.000,17891,9651
1775622544.547,0.0026,99.23,1.00,0.0000,0.000,17932,9789
1775622544.584,0.0022,220.89,1.00,0.0000,0.000,17959,10105
1775622544.623,0.0026,217.73,1.00,0.0000,0.000,17985,9753
1775622544.657,0.0022,60.47,1.00,0.0000,0.000,18298,9867
1775622544.692,0.0029,533.01,1.00,0.0000,0.000,18001,10050
1775622544.727,0.0023,354.13,1.00,0.0000,0.000,17746,10022
1775622544.762,0.0024,207.79,1.00,0.0000,0.000,17928,10431
1775622544.799,0.0027,320.69,1.00,0.0000,0.000,18179,10120
1775622544.837,0.0025,63.60,1.00,0.0000,0.000,17946,9859
1775622544.873,-0.0245,98.35,1.00,0.0000,0.000,17806,12586
1775622544.908,-0.0054,291.94,1.00,0.0000,0.000,17811,10121
1775622544.942,-0.0002,94.94,1.00,0.0000,0.000,17801,9341
1775622544.976,0.0018,103.32,1.00,0.0000,0.000,17870,10214
1775622545.011,0.0028,66.95,1.00,0.0000,0.000,17691,10293
1775622545.057,0.0024,659.42,1.00,0.0000,0.000,17995,10047
1775622545.093,0.0029,125.16,1.00,0.0000,0.000,17992,9949
1775622545.128,0.0029,142.29,1.00,0.0000,0.000,17981,10088
1775622545.163,0.0027,177.48,1.00,0.0000,0.000,17849,10324
1775622545.198,0.0025,90.62,1.00,0.0000,0.000,17936,9636
1775622545.245,0.0026,143.16,1.00,0.0000,0.000,17913,10101
1775622545.280,0.0025,93.54,1.00,0.0000,0.000,18062,10084
1775622545.316,0.0029,166.58,1.00,0.0000,0.000,17960,10234
1775622545.352,0.0027,150.69,1.00,0.0000,0.000,18104,10305
1775622545.388,0.0022,1770.22,1.00,0.0000,0.000,17959,10308
1775622545.425,0.0024,200.24,1.00,0.0000,0.000,17923,9643
1775622545.460,0.0021,167.06,1.00,0.0000,0.000,17956,9951
1775622545.498,0.0022,109.24,1.00,0.0000,0.000,18012,9515
1775622545.533,0.0027,66.49,1.00,0.0000,0.000,17958,9586
1775622545.568,0.0024,96.78,1.00,0.0000,0.000,17756,9868
1775622545.603,0.0023,131.00,1.00,0.0000,0.000,18079,9945
1775622545.638,0.0028,153.15,1.00,0.0000,0.000,17971,9815
1775622545.687,0.0028,120.50,1.00,0.0000,0.000,17854,9720
1775622545.722,0.0023,107.82,1.00,0.0000,0.000,17821,10061
1775622545.760,0.0023,70.31,1.00,0.0000,0.000,17980,10048
1775622545.800,-0.0245,128.85,1.00,0.0000,0.000,17902,12421
1775622545.839,-0.0055,165.54,1.00,0.0000,0.000,17875,10436
1775622545.877,0.0000,107.00,1.00,0.0000,0.000,17920,9566
1775622545.929,0.0017,128.55,1.00,0.0000,0.000,17847,9757
1775622545.964,0.0021,86.45,1.00,0.0000,0.000,17915,9765
1775622545.999,0.0026,82.85,1.00,0.0000,0.000,17859,10000
1775622546.037,0.0028,65.80,1.00,0.0000,0.000,17759,10169
1775622546.073,0.0024,95.15,1.00,0.0000,0.000,17875,9893
1775622546.108,0.0029,73.56,1.00,0.0000,0.000,17962,10102
1775622546.157,0.0029,126.66,1.00,0.0000,0.000,17936,10185
1775622546.191,0.0027,67.67,1.00,0.0000,0.000,17979,9298
1775622546.226,0.0023,53.61,1.00,0.0000,0.000,18460,9892
1775622546.260,0.0024,120.14,1.00,0.0000,0.000,17906,9889
1775622546.296,0.0025,9562.62,1.00,0.0000,0.000,17759,9989
1775622546.336,0.0022,81.38,1.00,0.0000,0.000,17911,9929
1775622546.373,0.0024,150.31,1.00,0.0000,0.000,17887,9580
1775622546.409,0.0026,5030.61,1.00,0.0000,0.000,17913,9917
1775622546.444,0.0027,117.69,1.00,0.0000,0.000,17805,10332
1775622546.479,0.0024,274.60,1.00,0.0000,0.000,17995,10405
1775622546.515,0.0024,631.37,1.00,0.0000,0.000,18005,9890
1775622546.551,0.0026,102.56,1.00,0.0000,0.000,18108,10249
1775622546.597,0.0028,148.63,1.00,0.0000,0.000,17924,9967
1775622546.633,0.0026,61.88,1.00,0.0000,0.000,18131,9497
1775622546.668,0.0027,156.01,1.00,0.0000,0.000,17787,10311
1775622546.703,0.0024,185.72,1.00,0.0000,0.000,17705,9639
1775622546.737,0.0028,74.19,1.00,0.0000,0.000,17994,10187
1775622546.773,0.0023,95.00,1.00,0.0000,0.000,17870,9575
1775622546.817,0.0027,133.27,1.00,0.0000,0.000,18035,10096
1775622546.853,0.0027,106.40,1.00,0.0000,0.000,17856,10035
1775622546.890,0.0029,605.60,1.00,0.0000,0.000,17955,10086
1775622546.924,0.0024,87.72,1.00,0.0000,0.000,17809,9162
1775622546.959,0.0029,135.49,1.00,0.0000,0.000,17924,9914
1775622547.008,0.0024,115.89,1.00,0.0000,0.000,18288,10079
1775622547.043,0.0024,1379.41,1.00,0.0000,0.000,17845,9864
1775622547.077,0.0026,1170.36,1.00,0.0000,0.000,18041,10143
1775622547.113,0.0023,50.16,1.00,0.0000,0.000,18259,10285
1775622547.148,0.0023,73.78,1.00,0.0000,0.000,17850,10331
1775622547.182,0.0024,437.39,1.00,0.0000,0.000,17926,9800
1775622547.219,0.0030,82.81,1.00,0.0000,0.000,18043,10216
1775622547.260,0.0029,387.30,1.00,0.0000,0.000,18296,9889
1775622547.296,0.0029,68.20,1.00,0.0000,0.000,17731,9740
1775622547.331,-0.0231,49.41,1.00,0.0000,0.000,17823,12435
1775622547.365,-0.0058,101.19,1.00,0.0000,0.000,17729,9495
1775622547.401,0.0005,1819.96,1.00,0.0000,0.000,17860,10102
1775622547.438,0.0018,51.56,1.00,0.0000,0.000,17971,9923
1775622547.481,0.0023,68.89,1.00,0.0000,0.000,17824,10050
1775622547.518,0.0023,82.68,1.00,0.0000,0.000,17927,9771
1775622547.554,0.0024,83.37,1.00,0.0000,0.000,18123,10018
1775622547.590,0.0028,1406.85,1.00,0.0000,0.000,17777,9739
1775622547.625,0.0027,347.66,1.00,0.0000,0.000,17949,9928
1775622547.659,0.0029,227.31,1.00,0.0000,0.000,17924,9903
1775622547.698,0.0022,161.58,1.00,0.0000,0.000,17983,9339
1775622547.734,0.0024,240.55,1.00,0.0000,0.000,18008,10026
1775622547.769,0.0026,92.45,1.00,0.0000,0.000,17809,9699
1775622547.803,0.0025,54.72,1.00,0.0000,0.000,17665,9621
1775622547.840,0.0025,92.14,1.00,0.0000,0.000,17778,10080
1775622547.878,0.0025,70.07,1.00,0.0000,0.000,17719,9698
1775622547.924,0.0028,188.77,1.00,0.0000,0.000,18089,10179
1775622547.959,0.0024,145.10,1.00,0.0000,0.000,17975,9977
1775622547.994,0.0021,106.06,1.00,0.0000,0.000,18027,9728
1775622548.030,0.0025,241.89,1.00,0.0000,0.000,18015,9883
1775622548.065,0.0024,41.73,1.00,0.0000,0.000,18365,10032
1775622548.106,0.0028,284.19,1.00,0.0000,0.000,17942,9969
1775622548.142,0.0027,721.41,1.00,0.0000,0.000,17962,10218
1775622548.176,0.0023,114.13,1.00,0.0000,0.000,17718,9647
1775622548.212,0.0028,70.39,1.00,0.0000,0.000,17923,10350
1775622548.253,0.0026,85.06,1.00,0.0000,0.000,17884,9957
1775622548.287,0.0031,95.33,1.00,0.0000,0.000,17967,10192
1775622548.326,0.0029,187.52,1.00,0.0000,0.000,18039,10312
1775622548.362,0.0025,924.44,1.00,0.0000,0.000,18002,9578
1775622548.397,0.0026,70.56,1.00,0.0000,0.000,17762,9828
1775622548.433,0.0027,84.80,1.00,0.0000,0.000,17969,9938
1775622548.470,0.0029,109.66,1.00,0.0000,0.000,17913,10102
1775622548.506,0.0031,189.27,1.00,0.0000,0.000,17895,10429
1775622548.544,0.0029,83.77,1.00,0.0000,0.000,17957,10067
1775622548.581,0.0030,145.09,1.00,0.0000,0.000,17897,9870
1775622548.616,0.0029,108.25,1.00,0.0000,0.000,18032,10109
1775622548.653,0.0025,92.17,1.00,0.0000,0.000,17902,9773
1775622548.690,0.0028,121.16,1.00,0.0000,0.000,17884,10090
1775622548.726,0.0028,73.08,1.00,0.0000,0.000,17907,10048
1775622548.764,0.0026,540.23,1.00,0.0000,0.000,17982,9746
1775622548.801,0.0026,122.28,1.00,0.0000,0.000,18042,9837
1775622548.838,0.0024,144.87,1.00,0.0000,0.000,18079,10263
1775622548.873,0.0031,81.80,1.00,0.0000,0.000,18033,10153
1775622548.909,0.0030,103.13,1.00,0.0000,0.000,17999,10080
1775622548.946,0.0027,147.89,1.00,0.0000,0.000,18046,10240
1775622548.984,0.0027,651.39,1.00,0.0000,0.000,18022,9719
1775622549.022,0.0028,89.12,1.00,0.0000,0.000,17856,10162
1775622549.058,0.0028,141.85,1.00,0.0000,0.000,18220,9523
1775622549.094,0.0026,212.32,1.00,0.0000,0.000,17805,10154
1775622549.129,0.0026,345.25,1.00,0.0000,0.000,18115,9726
1775622549.164,0.0026,305.30,1.00,0.0000,0.000,17882,9831
1775622549.202,0.0022,143.74,1.00,0.0000,0.000,17873,9401
1775622549.239,0.0020,73.14,1.00,0.0000,0.000,18158,10152
1775622549.274,0.0022,480.38,1.00,0.0000,0.000,18034,9973
1775622549.308,0.0023,481.14,1.00,0.0000,0.000,18065,9910
1775622549.343,0.0028,144.91,1.00,0.0000,0.000,17923,10245
1775622549.378,0.0027,118.46,1.00,0.0000,0.000,17820,10166
1775622549.429,0.0027,382.77,1.00,0.0000,0.000,17918,10218
1775622549.466,0.0024,392.19,1.00,0.0000,0.000,17974,9335
1775622549.503,0.0025,276.97,1.00,0.0000,0.000,18190,10280
1775622549.537,0.0025,65.61,1.00,0.0000,0.000,17865,9554
1775622549.574,0.0026,218.50,1.00,0.0000,0.000,18057,10128
1775622549.610,0.0025,113.98,1.00,0.0000,0.000,18004,9699
1775622549.651,0.0024,561.80,1.00,0.0000,0.000,17899,10089
1775622549.689,0.0022,209.05,1.00,0.0000,0.000,17794,9472
1775622549.724,0.0028,98.40,1.00,0.0000,0.000,17983,10029
1775622549.759,0.0025,2446.20,1.00,0.0000,0.000,18200,9409
1775622549.797,0.0024,344.97,1.00,0.0000,0.000,17964,9698
1775622549.833,0.0024,576.49,1.00,0.0000,0.000,17736,10172
1775622549.871,0.0024,63.05,1.00,0.0000,0.000,18100,9842
1775622549.906,0.0027,129.29,1.00,0.0000,0.000,18002,10335
1775622549.941,0.0023,104.74,1.00,0.0000,0.000,17801,10020
1775622549.977,0.0022,51.88,1.00,0.0000,0.000,18267,10073
1775622550.013,0.0026,144.38,1.00,0.0000,0.000,17982,9866
1775622550.049,0.0023,481.63,1.00,0.0000,0.000,17833,9963
1775622550.091,0.0028,138.94,1.00,0.0000,0.000,17937,9759
1775622550.125,0.0027,70.16,1.00,0.0000,0.000,18146,10241
1775622550.159,0.0025,115.81,1.00,0.0000,0.000,18096,10012
1775622550.196,0.0025,123.99,1.00,0.0000,0.000,17884,9619
1775622550.231,0.0027,71.11,1.00,0.0000,0.000,17944,9685
1775622550.266,0.0024,165.79,1.00,0.0000,0.000,17904,9891
1775622550.302,0.0027,109.85,1.00,0.0000,0.000,17952,9668
1775622550.342,0.0027,75.17,1.00,0.0000,0.000,18042,9793
1775622550.377,0.0030,77.14,1.00,0.0000,0.000,17671,9978
1775622550.412,0.0026,99.99,1.00,0.0000,0.000,17923,10331
1775622550.449,0.0030,460.25,1.00,0.0000,0.000,18058,10017
1775622550.485,0.0028,1889.88,1.00,0.0000,0.000,18054,10015
1775622550.523,0.0026,631.55,1.00,0.0000,0.000,17854,9967
1775622550.561,0.0026,103.18,1.00,0.0000,0.000,17851,9579
1775622550.597,0.0022,92.30,1.00,0.0000,0.000,17673,9660
1775622550.632,0.0024,150.86,1.00,0.0000,0.000,17853,10095
1775622550.668,0.0027,272.50,1.00,0.0000,0.000,18124,10104
1775622550.702,0.0027,94.42,1.00,0.0000,0.000,17973,10066
1775622550.741,0.0026,200.02,1.00,0.0000,0.000,17857,10259
1775622550.781,0.0021,90.91,1.00,0.0000,0.000,18251,10191
1775622550.818,0.0027,286.67,1.00,0.0000,0.000,18095,10164
1775622550.854,0.0028,103.43,1.00,0.0000,0.000,17890,9741
1775622550.894,0.0026,167.22,1.00,0.0000,0.000,18101,10381
1775622550.931,0.0025,188.79,1.00,0.0000,0.000,17991,10363
1775622550.967,0.0021,287.20,1.00,0.0000,0.000,17957,9609
1775622551.005,0.0022,155.16,1.00,0.0000,0.000,17978,10088
1775622551.041,0.0021,179.88,1.00,0.0000,0.000,17755,10158
1775622551.082,0.0027,215.50,1.00,0.0000,0.000,18088,10102
1775622551.120,0.0019,64.93,1.00,0.0000,0.000,18363,9402
1775622551.156,0.0027,161.75,1.00,0.0000,0.000,17754,10136
1775622551.192,0.0017,139.01,1.00,0.0000,0.000,17916,9555
1775622551.230,0.0022,207.78,1.00,0.0000,0.000,18076,9800
1775622551.268,0.0022,522.12,1.00,0.0000,0.000,17940,10306
1775622551.316,0.0022,141.47,1.00,0.0000,0.000,17995,9640
1775622551.353,0.0024,426.96,1.00,0.0000,0.000,17965,10352
1775622551.388,0.0025,280.59,1.00,0.0000,0.000,17981,9660
1775622551.433,0.0025,158.86,1.00,0.0000,0.000,17972,10153
1775622551.472,0.0028,1071.21,1.00,0.0000,0.000,18012,10046
1775622551.508,0.0026,197.38,1.00,0.0000,0.000,18232,9871
1775622551.546,0.0029,872.96,1.00,0.0000,0.000,18007,10092
1775622551.582,0.0028,120.54,1.00,0.0000,0.000,18125,9862
1775622551.619,0.0025,64.73,1.00,0.0000,0.000,17911,9498
1775622551.655,0.0024,218.03,1.00,0.0000,0.000,17982,10026
1775622551.692,-0.0241,112.64,1.00,0.0000,0.000,17936,12311
1775622551.731,-0.0321,104.89,1.00,0.0000,0.000,17833,12262
1775622551.767,-0.0075,203.01,1.00,0.0000,0.000,17874,10206
1775622551.807,-0.0009,334.70,1.00,0.0000,0.000,17744,9639
1775622551.843,0.0018,315.44,1.00,0.0000,0.000,18056,10051
1775622551.879,0.0025,81.47,1.00,0.0000,0.000,17909,9785
1775622551.916,0.0023,303.20,1.00,0.0000,0.000,18063,9585
1775622551.952,0.0029,81.60,1.00,0.0000,0.000,17933,9772
1775622551.988,0.0026,98.30,1.00,0.0000,0.000,17939,9971
1775622552.034,0.0028,97.02,1.00,0.0000,0.000,18098,10241
1775622552.086,0.0025,83.35,1.00,0.0000,0.000,17974,9829
1775622552.123,0.0024,529.68,1.00,0.0000,0.000,17927,10035
1775622552.161,0.0022,155.09,1.00,0.0000,0.000,18051,9908
1775622552.198,0.0020,74.21,1.00,0.0000,0.000,17928,9941
1775622552.234,0.0022,82.48,1.00,0.0000,0.000,18147,9681
1775622552.269,0.0024,642.08,1.00,0.0000,0.000,17877,10173
1775622552.305,0.0023,640.24,1.00,0.0000,0.000,17996,9936
1775622552.343,0.0026,75.18,1.00,0.0000,0.000,17972,10118
1775622552.380,0.0020,530.34,1.00,0.0000,0.000,17969,9462
1775622552.418,0.0016,61.03,1.00,0.0000,0.000,17886,10259
1775622552.466,0.0025,256.02,1.00,0.0000,0.000,17926,9909
1775622552.502,0.0024,278.19,1.00,0.0000,0.000,18067,9878
1775622552.539,0.0026,97.98,1.00,0.0000,0.000,17976,9711
1775622552.576,0.0024,142.50,1.00,0.0000,0.000,17958,9435
1775622552.615,0.0029,46.02,1.00,0.0000,0.000,18030,10031
1775622552.650,0.0031,205.71,1.00,0.0000,0.000,17917,9869
1775622552.698,0.0028,191.70,1.00,0.0000,0.000,18036,10259
1775622552.734,0.0023,45.26,1.00,0.0000,0.000,18269,10244
1775622552.769,0.0018,27.77,1.00,0.0000,0.000,18305,9843
1775622552.805,0.0023,54.68,1.00,0.0000,0.000,18188,9576
1775622552.841,0.0022,76.22,1.00,0.0000,0.000,18167,9664
1775622552.880,0.0025,278.60,1.00,0.0000,0.000,17969,10089
1775622552.919,0.0024,1682.37,1.00,0.0000,0.000,18119,9804
1775622552.957,0.0024,296.19,1.00,0.0000,0.000,17904,10062
1775622552.994,0.0027,99.63,1.00,0.0000,0.000,17993,9759
1775622553.029,0.0023,2139.75,1.00,0.0000,0.000,17896,10481
1775622553.063,0.0020,39.93,1.00,0.0000,0.000,18072,9467
1775622553.106,0.0027,629.82,1.00,0.0000,0.000,18036,9930
1775622553.147,0.0022,351.86,1.00,0.0000,0.000,17949,9525
1775622553.182,0.0023,632.87,1.00,0.0000,0.000,18074,9905
1775622553.219,0.0026,119.64,1.00,0.0000,0.000,18065,9807
1775622553.255,0.0024,288.54,1.00,0.0000,0.000,17955,9513
1775622553.295,0.0024,343.28,1.00,0.0000,0.000,17999,9714
1775622553.332,0.0025,57.45,1.00,0.0000,0.000,17836,10011
1775622553.368,0.0023,164.35,1.00,0.0000,0.000,17876,9672
1775622553.404,0.0025,5567.85,1.00,0.0000,0.000,17861,9719
1775622553.439,0.0026,98.70,1.00,0.0000,0.000,17908,10190
1775622553.475,0.0029,59.61,1.00,0.0000,0.000,17918,10060
1775622553.512,0.0031,225.11,1.00,0.0000,0.000,18012,9705
1775622553.548,0.0026,742.05,1.00,0.0000,0.000,17709,9942
1775622553.586,0.0025,692.06,1.00,0.0000,0.000,17714,9761
1775622553.626,0.0023,1953.38,1.00,0.0000,0.000,17814,9670
1775622553.662,0.0022,628.13,1.00,0.0000,0.000,17808,9180
1775622553.698,0.0020,352.28,1.00,0.0000,0.000,17923,9336
1775622553.735,0.0025,703.19,1.00,0.0000,0.000,17903,9708
1775622553.772,0.0028,89.35,1.00,0.0000,0.000,18036,10235
1775622553.813,0.0025,116.91,1.00,0.0000,0.000,18000,9789
1775622553.850,0.0024,191.68,1.00,0.0000,0.000,17918,10278
1775622553.887,0.0026,273.11,1.00,0.0000,0.000,18023,10153
1775622553.922,0.0023,211.95,1.00,0.0000,0.000,18266,9501
1775622553.959,0.0025,343.05,1.00,0.0000,0.000,18090,10145
1775622553.993,0.0026,100.91,1.00,0.0000,0.000,17913,9323
1775622554.028,0.0026,63.37,1.00,0.0000,0.000,17859,9946
1775622554.064,0.0025,84.88,1.00,0.0000,0.000,17939,9628
1775622554.099,0.0024,64.62,1.00,0.0000,0.000,17783,9536
1775622554.136,0.0026,79.74,1.00,0.0000,0.000,18130,10256
1775622554.173,0.0021,522.43,1.00,0.0000,0.000,17994,9267
1775622554.209,0.0017,198.51,1.00,0.0000,0.000,17902,9569
1775622554.244,0.0024,124.33,1.00,0.0000,0.000,17909,9664
1775622554.280,0.0021,71.08,1.00,0.0000,0.000,17695,9502
1775622554.315,0.0022,356.13,1.00,0.0000,0.000,17930,9658
1775622554.351,0.0027,63.01,1.00,0.0000,0.000,18002,10075
1775622554.387,0.0031,38.82,1.00,0.0000,0.000,17648,9825
1775622554.424,0.0026,38.86,1.00,0.0000,0.000,17654,9542
